MK,Web searching Dec23 - Jan24,C0001,ADHD condition in structured work environment,ADHD Challenges,Focus and hyperactivity struggles,Hard to stay on task due to my ADHD,"WHAT: ADHD presents with difficulties in maintaining focus, managing impulsivity, and dealing with hyperactivity, particularly in structured environments. WHY: These challenges can lead to decreased productivity, misunderstandings with coworkers, and a feeling of underachievement. HOW: Strategies like structured schedules with flexibility, breaks for physical activity, and tasks variation can help manage symptoms. Collaborative understanding from management and colleagues also plays a critical role.",Mental & emotional,"ADHD, focus, impulsivity, hyperactivity, productivity, structured schedules, task variation, workplace adjustment",My ADHD has honed my ability to think outside the box and come up with creative solutions.,Gaining understanding and support would allow me to harness my creativity and contribute uniquely to my team.
MK,Web searching Dec23 - Jan24,C0002,Social and routine change challenges in workplace,Social Adaptability,Struggling with social cues and routine changes,Social interactions and changes at work overwhelm me,"WHAT: Difficulties with social interactions, communication, and adapting to changes in workplace routines. WHY: This can lead to feelings of isolation, stress, and anxiety, as well as potential misunderstandings with colleagues. HOW: Support systems such as mentorship programs, social skills training, and clear communication about changes can aid in adapting to the social and dynamic aspects of the workplace.",Social & Communication,"Social interactions, communication, adaptability, workplace changes, mentorship, social skills training, stress management",My sensitivity to social dynamics enhances my empathy and understanding towards others.,"Improving my social and adaptive skills would enable me to foster stronger, empathetic connections in my workplace."
MK,Web searching Dec23 - Jan24,C0003,Difficulty with reading and interpreting written information,Reading Challenges,Struggles with processing written texts,Reading difficulties impact my job performance,"WHAT: Challenges in reading, interpreting words, and processing written information, which impact job tasks that involve reading. WHY: This can cause slower work pace, errors, and lower self-esteem due to difficulties in completing tasks as expected. HOW: Implementing tools like text-to-speech software, providing written materials in alternative formats, and offering additional time for reading-based tasks can support individuals facing these issues.",Sensory & focus,"Reading difficulties, text-to-speech software, alternative formats, job performance, support tools",Navigating reading challenges has strengthened my listening skills and attention to detail.,Accessing tailored reading aids would improve my efficiency and confidence in handling text-based tasks.
MK,Web searching Dec23 - Jan24,C0004,Coordination and motor skills challenges,Motor Skills Difficulty,Challenges with physical tasks and organization,Coordination issues affect my workplace organization,"WHAT: Coordination and motor skills challenges affect the ability to perform physical tasks and maintain organization. WHY: This can lead to difficulties in manual tasks, slower completion of duties, and potential safety concerns. HOW: Adaptive tools, workspace modifications, and tasks tailored to individual strengths can mitigate the impact of these challenges, alongside patience and understanding from employers and colleagues.",Physical,"Coordination, motor skills, adaptive tools, workspace modifications, physical tasks, safety",My unique approach to physical tasks fosters innovation and adaptability in problem-solving.,Enhancing my workspace for better accessibility would empower me to excel in my tasks with greater independence.
MK,Web searching Dec23 - Jan24,C0005,Writing difficulties in the workplace,Writing Struggles,Slow and unclear writing hampers tasks,My writing speed and clarity affect work,"WHAT: Struggles with writing legibly and quickly, impacting tasks requiring extensive or precise writing. WHY: This can result in delays, misunderstandings, and increased pressure in situations demanding written communication. HOW: Offering access to digital tools for writing, speech-to-text software, and understanding that not all tasks require traditional writing methods can provide alternative pathways to success.",Sensory & focus,"Writing difficulties, digital tools, speech-to-text software, communication, workplace efficiency",My struggle with writing has compelled me to develop strong verbal communication skills.,Utilizing digital documentation tools would allow me to share my ideas more efficiently and broadly.
MK,Web searching Dec23 - Jan24,C0006,Involuntary vocal and physical tics in work setting,Workplace Tics,Vocal and physical tics draw attention,My tics can disrupt the workplace environment,"WHAT: Involuntary vocal and physical tics that can be distracting or disruptive in work settings. WHY: These tics can lead to self-consciousness, distraction for both the individual and colleagues, and potentially impact professional interactions. HOW: Educating the workplace about the nature of tics, creating a supportive and understanding environment, and exploring stress-reduction techniques can help manage the impact.",Mental & emotional,"Tics, workplace education, support, stress-reduction techniques, professional interactions",My experience with tics has taught me resilience and the value of a supportive community.,"Fostering a supportive work environment would enhance my focus and productivity, benefiting everyone involved."
MK,Web searching Dec23 - Jan24,C0007,Heightened emotional responses to criticism,Emotional Sensitivity,"Sensitive to feedback, affecting relations","I take criticism personally, affecting my work interactions","WHAT: Heightened emotional response to perceived criticism or rejection, impacting interpersonal interactions at work. WHY: This sensitivity can lead to stress, decreased self-esteem, and avoidance of feedback, hindering personal and professional growth. HOW: Encouraging constructive feedback, fostering a culture of open and empathetic communication, and resilience training can help individuals manage their emotional responses more effectively.",Mental & emotional,"Emotional sensitivity, constructive feedback, resilience training, professional growth, open communication",My sensitivity deepens my empathy and enhances my ability to connect with others on a personal level.,Learning to view feedback as a growth opportunity would allow me to embrace challenges with confidence.
MK,Web searching Dec23 - Jan24,C0008,Coping with demands and avoiding responsibilities,Avoidance Behaviors,"Overwhelmed by tasks, leading to avoidance",Avoiding tasks affects my job responsibility fulfillment,"WHAT: Difficulty in coping with demands and expectations, leading to avoidance of tasks or responsibilities. WHY: This behavior can stem from feelings of being overwhelmed, stress, and fear of failure, impacting job performance and personal satisfaction. HOW: Time management training, setting realistic goals, and support systems such as counseling or mentorship can assist in overcoming avoidance behaviors and building confidence in handling tasks.",Mental & emotional,"Avoidance, time management, realistic goals, support systems, job performance, stress management",Facing overwhelming tasks has sharpened my prioritization and problem-solving skills.,Building resilience and effective coping strategies would enhance my engagement and fulfillment in my work.
MK,Web searching Dec23 - Jan24,C0009,Disruptions from compulsions and obsessions,OCD in the Workplace,Rigid routines and disruptions from OCD,My OCD can disrupt my workflow and productivity,"WHAT: Compulsions and obsessions that can disrupt workflow and productivity, often necessitating rigid routines. WHY: These disruptions can cause stress, inefficiency, and difficulty in adapting to changes or unexpected demands in the workplace. HOW: Flexible work arrangements, understanding from management and colleagues, and access to therapeutic support can help manage OCD symptoms while maintaining productivity.",Mental & emotional,"OCD, compulsions, obsessions, flexible work arrangements, therapeutic support, workplace adaptation",My attention to detail and routine enhances my accuracy and efficiency in familiar tasks.,Creating a flexible and supportive work environment would allow me to contribute my best while managing OCD.
MK,Web searching Dec23 - Jan24,C0010,Persistent low mood and lack of motivation,Low Mood at Work,Persistent low mood affects engagement,Low mood and motivation impact my productivity,"WHAT: Persistent low mood and lack of motivation, impacting overall productivity and engagement at work. WHY: This condition can lead to difficulties in starting tasks, maintaining energy levels throughout the day, and engaging with colleagues, affecting both personal well-being and professional performance. HOW: Supportive workplace policies, access to mental health resources, and strategies to enhance well-being and motivation can help mitigate these effects.",Mental & emotional,"Low mood, motivation, productivity, mental health resources, well-being strategies, professional performance",My struggle with low mood has made me introspective and compassionate towards others' struggles.,Enhancing my workplace well-being would unlock my potential for creativity and collaboration.
MK,Web searching Dec23 - Jan24,C0011,Persistent worry and stress that can hinder decision-making and focus in a work environment.,Stress Paralysis,Constant worry blocking clarity,My incessant worrying hinders clear thinking and decisive action.,"WHAT: Stress Paralysis is the overwhelming feeling of worry and stress that clouds judgement and focus. It can manifest as an inability to make decisions quickly or maintain concentration on tasks. WHY: This relentless stress impedes one's ability to think clearly, make informed decisions, or stay focused on tasks at hand, leading to feelings of frustration and inadequacy. HOW: Strategies include structured breaks, mindfulness practices, prioritizing tasks, and seeking professional guidance to manage stress more effectively.",Mental & emotional,"stress, worry, decision-making, focus, mindfulness, time management, professional guidance, stress management, task prioritization, clear thinking, concentration, frustration, inadequacy",I've become resilient in managing minor stresses.,Mastering stress could sharpen my decision-making and focus.
MK,Web searching Dec23 - Jan24,C0012,Severe stress responses and emotional regulation difficulties stemming from past traumatic experiences.,Emotional Aftermath,Struggles with managing intense emotions,Severe stress responses from past traumas make emotional regulation tough.,"WHAT: Emotional Aftermath describes the challenge of dealing with intense and often overwhelming emotional responses that stem from past traumatic experiences. This may manifest as sudden mood swings, anxiety, or depression. WHY: These intense emotions can disrupt daily functioning, hindering one’s ability to stay composed under pressure or interact effectively with others. HOW: Overcoming this involves therapy, building a strong support system, practicing self-care, and developing coping strategies like mindfulness or journaling.","Mental & emotional, Social & Communication","trauma, stress responses, emotional regulation, mood swings, anxiety, depression, therapy, support system, self-care, coping strategies, mindfulness, journaling, daily functioning, composure",I've learned deep empathy for others' emotional struggles.,Overcoming this could lead to stronger emotional resilience and interpersonal skills.
MK,Web searching Dec23 - Jan24,C0013,"Challenges in sustaining attention on tasks, leading to reduced productivity and focus.",Focus Fluctuations,Struggling to keep consistent attention on tasks,My struggle to stay focused diminishes my productivity and quality of work.,"WHAT: Focus Fluctuations involve difficulty in maintaining a steady attention span on tasks, which can lead to periods of high distraction and low productivity. WHY: This challenge affects the ability to complete tasks efficiently and to a high standard, leading to feelings of frustration and decreased self-esteem. HOW: Techniques such as the Pomodoro technique, task batching, minimizing distractions, and setting clear, achievable goals can help in improving focus and productivity.",Sensory & focus,"focus, attention, productivity, distraction, Pomodoro technique, task batching, minimizing distractions, clear goals, frustration, self-esteem, efficiency",I've become adept at identifying engaging tasks.,Improving focus could greatly enhance my efficiency and task completion.
MK,Web searching Dec23 - Jan24,C0014,"Difficulty in maintaining attention on specific tasks, often leading to errors or incomplete work.",Scatter Focus,Difficulty focusing leads to mistakes and incomplete tasks,My difficulty to concentrate fully often results in errors or unfinished work.,"WHAT: Scatter Focus refers to the struggle with concentrating on specific tasks, which frequently results in mistakes or incomplete projects. WHY: This inability to maintain focus leads to a decrease in work quality and productivity, causing feelings of inadequacy and stress. HOW: Implementing strategies like setting smaller, more manageable goals, using focus-enhancing tools (e.g., noise-cancelling headphones), and allocating specific times for work can help in mitigating this issue.",Sensory & focus,"attention, concentration, errors, incomplete work, focus-enhancing tools, noise-cancelling headphones, manageable goals, productivity, stress, inadequacy",I've become quick at troubleshooting and fixing errors.,Fostering deep focus could improve my work quality and satisfaction.
MK,Web searching Dec23 - Jan24,C0015,"Susceptibility to interruptions or external stimuli, leading to frequent breaks in task continuity.",Easily Distracted,Frequent task interruptions kill flow.,"Disrupts my focus, making sustained work on tasks extremely difficult.","WHAT: This relates to an inability to maintain focus due to external stimuli (like noises or movements) or interruptions (people entering the space), leading to frequent task discontinuity. WHY: It not only breaks the flow of work but also drops productivity levels and increases frustration. It can make someone feel incapable or inefficient. HOW: Creating a designated workspace, using noise-cancelling headphones, and setting boundaries for interruptions can help. Time management techniques like the Pomodoro Technique may also increase focus.","Sensory & focus, Technology","Distractions, Focus, Productivity, Noise-cancelling headphones, Workspace design, Time management, Pomodoro Technique, Setting boundaries, External stimuli",I've become adept at quick task resumption.,Mastering focus under varying conditions could emerge.
MK,Web searching Dec23 - Jan24,C0016,"Tendency to delay or avoid starting tasks, impacting deadlines and workflow efficiency.",Procrastination,Putting off tasks compromises deadlines.,Hinders my productivity and leads to last-minute stress.,"WHAT: A pattern of delaying task initiation, leading to a pile-up of work and stress as deadlines approach. WHY: It can stem from fear of failure, perfectionism, or feeling overwhelmed by task magnitude, leading to anxiety and guilt. HOW: Breaking tasks into smaller, manageable steps, setting mini-deadlines, and using rewards for completing steps can combat procrastination. Finding an accountability partner may also provide the necessary push.","Mental & emotional, Life","Procrastination, Deadlines, Stress, Time management, Mini-deadlines, Task breakdown, Perfectionism, Fear of failure, Accountability, Rewards",I've learned to prioritize and manage tasks under pressure.,Developing a proactive approach and resilience.
MK,Web searching Dec23 - Jan24,C0017,"Persistent tiredness affecting energy levels, enthusiasm, and ability to perform work tasks effectively.",Constantly Tired,Persistent fatigue undermines work quality.,"Zaps my energy, making me less productive and motivated.","WHAT: Continuous feelings of exhaustion that impede the ability to maintain energy and enthusiasm for work. WHY: It leads to decreased productivity and motivation, making tasks seem more daunting and reducing overall job satisfaction. HOW: Improving sleep quality, managing stress through activities like yoga or meditation, and a balanced diet can enhance energy levels. Regular breaks and a well-structured workday also contribute to sustained energy.","Physical, Life","Fatigue, Energy management, Sleep improvement, Stress management, Yoga, Meditation, Balanced diet, Regular breaks, Work-life balance, Job satisfaction","I've honed my ability to work efficiently, despite low energy.",Enhanced energy management and revitalization skills.
MK,Web searching Dec23 - Jan24,C0018,"Excessive energy levels, leading to restlessness and difficulty in staying seated or quiet.",Hyperactive,High energy makes calm focus hard.,Makes staying focused and seated a challenge.,"WHAT: An overflow of energy that manifests as physical restlessness or difficulty in maintaining quiet or seated positions for extended periods. WHY: This can disrupt concentration and lead to unfinished tasks or frequent breaks. It might cause impatience or frustration in environments requiring stillness. HOW: Incorporating physical activity into the daily routine, using standing desks, and taking regular short breaks can channel energy productively. Mindfulness practices may also help in managing restlessness.","Physical, Sensory & focus","Hyperactivity, Restlessness, Concentration, Physical activity, Standing desks, Short breaks, Mindfulness, Energy channeling, Task completion, Impatience",My high energy fuels creativity and rapid task execution.,Cultivating patience and focused energy application.
MK,Web searching Dec23 - Jan24,C0019,Challenges in engaging effectively with colleagues or expressing thoughts clearly.,Communication Hurdles,Struggling to share ideas or connect with peers.,Makes collaborating and getting my point across difficult.,"WHAT: This refers to the difficulty some employees face in making their ideas heard and in building rapport with coworkers. It can manifest as stuttering, searching for words, or being misunderstood. WHY: This directly hampers team synergy, as it can lead to misinterpretation, overlooked contributions, and a sense of isolation. The employee might feel frustrated, undervalued, or anxious about interactions. HOW: Improving this can involve practicing active listening, preparing points in advance, and seeking feedback or coaching in communication skills. Small, supportive group settings can also be beneficial for practice.",Social & Communication,"communication skills, active listening, teamwork, expressing ideas, rapport building, stuttering, coaching, feedback, social anxiety, team synergy, misunderstood, overlooked contributions, preparation, practice, supportive environment",Developing deep listening skills and the ability to observe non-verbal cues.,Enhancing my ability to influence and inspire through clear and effective communication.
MK,Web searching Dec23 - Jan24,C0020,Difficulty in understanding and applying mathematical concepts,Math Troubles,Struggle with math affects task performance,Having trouble with math slows down my work,"WHAT: Difficulty grasping mathematical concepts can make tasks requiring calculations challenging. WHY: This hinders efficiency in tasks like budgeting, data analysis, and planning. HOW: Utilizing software tools, seeking peer assistance, and engaging in targeted learning can improve mathematical understanding and application.",Mental & Emotional,"Mathematical difficulties, calculations, budgeting, data analysis, software tools, peer assistance",This challenge has enhanced my creativity in problem-solving.,Improving my math skills would boost my efficiency and confidence in data-related tasks.
MK,Web searching Dec23 - Jan24,C0021,Struggles with literacy skills,Literacy Challenges,Impacting reading and writing abilities,Struggling with literacy makes documentation hard,"WHAT: Issues with reading comprehension and written expression can impact the ability to produce and understand written work. WHY: This affects communication clarity and can hinder professional development. HOW: Engaging in literacy programs, using text-to-speech and speech-to-text tools, and leveraging visual aids can support literacy improvement.",Mental & Emotional,"Literacy, reading comprehension, written expression, text-to-speech, speech-to-text, visual aids",My challenges have fostered strong listening and observational skills.,Enhancing my literacy would improve my communication and open up more career opportunities.
MK,Web searching Dec23 - Jan24,C0022,Challenges with correct spelling,Spelling Difficulties,Affects accuracy in written communication,Poor spelling undermines my professional documents,"WHAT: Difficulty with spelling can lead to errors in written communication and documentation. WHY: This can diminish the credibility of professional work and affect clear communication. HOW: Utilizing spell check tools, engaging in regular practice, and employing mnemonic devices can enhance spelling skills.",Mental & Emotional,"Spelling, written communication, documentation accuracy, spell check, mnemonic devices",My focus on detail in other areas has improved as a compensation.,Mastering spelling would enhance my written communication and professional image.
MK,Web searching Dec23 - Jan24,C0023,Difficulty in articulating thoughts coherently and effectively in writing,Writing Clarity,Struggle to express ideas clearly in text,Articulating my thoughts in writing is challenging,"WHAT: Challenges in organizing and expressing thoughts clearly in written form. WHY: This hampers the ability to convey ideas effectively, potentially leading to misunderstandings. HOW: Workshops on writing skills, utilizing outlining tools, and peer feedback can improve clarity and coherence in writing.",Mental & Emotional,"Writing, expression, clarity, workshops, outlining tools, peer feedback",I've become adept at exploring various communication formats.,Gaining clarity in writing would allow me to share my ideas more persuasively.
MK,Web searching Dec23 - Jan24,C0024,Struggles with verbal expression or understanding spoken language,Verbal Communication,Difficulty with speaking or understanding others,Communicating verbally in the workplace is tough,"WHAT: Challenges in expressing oneself verbally or in understanding spoken language in professional settings. WHY: This can lead to miscommunication, reduce participation in discussions, and impact relationship building. HOW: Participating in speaking clubs, language therapy, and utilizing clarification techniques can improve verbal communication skills.",Social & Communication,"Verbal expression, spoken language, miscommunication, speaking clubs, language therapy, clarification techniques",I've honed my patience and ability to read non-verbal cues.,Enhancing my verbal skills would boost my active participation and collaboration.
MK,Web searching Dec23 - Jan24,C0025,"Difficulty in managing tasks, schedules, and prioritizing work",Task Management,Hard to keep tasks and priorities straight,Managing and prioritizing my workload is overwhelming,"WHAT: Struggles with organizing tasks, managing time effectively, and setting priorities. WHY: This can lead to missed deadlines, stress, and decreased productivity. HOW: Time management workshops, digital organizing tools, and mentorship can help improve task management and prioritization skills.",Life,"Task management, time management, productivity, deadlines, digital tools, mentorship",This challenge has made me exceptionally adaptable to changing demands.,Becoming more organized would significantly reduce my stress and increase my productivity.
MK,Web searching Dec23 - Jan24,C0026,Challenges with recalling information,Memory Hurdles,Forgetting details affects learning and instructions,Difficulty remembering makes following instructions hard,"WHAT: Difficulty in retaining and recalling information, affecting the ability to learn new tasks or follow complex instructions. WHY: This can lead to repeated mistakes, slower learning curves, and frustration. HOW: Memory enhancement techniques, note-taking strategies, and leveraging mnemonic devices can aid in improving memory recall.",Mental & Emotional,"Memory recall, learning tasks, complex instructions, memory techniques, note-taking, mnemonic devices",My attention to detail in the moment has sharpened.,Improving my memory would make learning new skills and following instructions easier.
MK,Web searching Dec23 - Jan24,C0027,Difficulty in navigating spaces,Navigational Challenges,Hard to find my way in new or complex environments,Navigating physical spaces is challenging for me,"WHAT: Problems with spatial orientation, affecting the ability to navigate physical work environments. WHY: This can lead to difficulties in performing tasks that require moving around different locations. HOW: Utilizing maps, signage, and technology like GPS apps, and practicing routes can improve spatial navigation skills.",Physical,"Navigation, spatial orientation, physical environments, maps, GPS apps, route practice",I've developed a keen sense of observation and environmental awareness.,Enhancing my navigational skills would increase my efficiency and confidence in spatial tasks.
MK,Web searching Dec23 - Jan24,C0028,Challenges with focusing on screens,Screen Focus,Difficulty with prolonged screen use,Focusing on digital tasks strains my eyes and mind,"WHAT: Difficulty maintaining focus on digital screens, which can impact the management of digital workflows and cause ergonomic issues. WHY: This can lead to eye strain, headaches, and decreased productivity. HOW: Implementing regular screen breaks, using ergonomic setups, and adjusting screen settings for comfort can mitigate these issues.",Sensory & Focus,"Screen focus, digital workflows, ergonomic issues, eye strain, screen breaks, ergonomic setups",My need for breaks has enhanced my time management skills.,Better managing screen time would lead to increased comfort and sustained concentration.
MK,Web searching Dec23 - Jan24,C0029,Anxiety or discomfort when required to communicate via telephone,Phone Anxiety,Stressful feeling during professional phone calls,Phone calls in a professional setting make me anxious,"WHAT: Experiencing anxiety or discomfort during telephone communications in a professional context. WHY: This can hinder effective communication, limit engagement in discussions, and affect confidence. HOW: Telephone communication training, practicing calls in a low-pressure environment, and gradual exposure can help reduce anxiety and improve comfort with phone communications.",Social & Communication,"Phone communication, anxiety, professional setting, communication training, practice calls, exposure",I've become more meticulous in preparing for interactions.,Gaining confidence in phone communications would enhance my professional versatility.
MK,Web searching Dec23 - Jan24,C0030,Managing chronic health conditions while meeting job responsibilities,Chronic Health Management,Balancing health and work demands,My condition complicates meeting my work goals,"WHAT: Navigating the complexities of chronic health conditions while maintaining productivity at work. WHY: This can lead to stress, decreased energy, and difficulty in meeting deadlines. HOW: Flexible work arrangements, regular breaks, and open communication with HR for support can aid in managing this balance.","Physical, Life","Chronic health, productivity, flexible work, stress management",My resilience and adaptability in managing daily tasks have significantly improved.,Tailoring work conditions to my health needs would enhance my efficiency and job satisfaction.
MK,Web searching Dec23 - Jan24,C0031,Coping with physical limitations or pain,Physical Coping,Working through pain or limitations,Pain affects my work efficiency,"WHAT: Dealing with the impact of physical limitations or pain on work performance. WHY: These issues can limit mobility, reduce concentration, and lower overall productivity. HOW: Implementing ergonomic adjustments, using assistive devices, and adapting work tasks can alleviate discomfort and improve work capacity.",Physical,"Physical limitations, ergonomic adjustments, assistive devices",My creativity in finding workarounds and solutions has grown.,Enhancing my work environment for comfort would lead to greater productivity and job fulfilment.
MK,Web searching Dec23 - Jan24,C0032,Emotional distress and grief affecting focus,Emotional Overload,Grief and distress clouding focus,Emotional struggles impede my work performance,"WHAT: Handling emotional distress or grief that impairs focus, motivation, and work performance. WHY: Such emotional states can distract, lead to absenteeism, and diminish quality of work. HOW: Access to counseling services, support groups, and compassionate leave policies can provide necessary support and time for recovery.",Mental & emotional,"Emotional distress, grief, counseling, support groups",I've developed a deep empathy for others and emotional intelligence.,Addressing my emotional well-being would allow me to engage more fully and creatively in my work.
MK,Web searching Dec23 - Jan24,C0033,Struggle to prioritize urgent vs. important tasks,Prioritization Difficulties,Deciding what's urgent versus important,Difficulty prioritizing tasks slows me down,"WHAT: Differentiating and prioritizing between tasks that are urgent and those that are important. WHY: Failure to do so can lead to misallocation of time and resources, increased stress, and missed deadlines. HOW: Utilizing time management tools, such as Eisenhower Matrix, and planning strategies can help in effectively categorizing and tackling tasks.","Life, Technology","Time management, prioritization, Eisenhower Matrix, planning strategies",My analytical skills in assessing task importance have sharpened.,Mastering prioritization would boost my productivity and reduce work-related stress.
MK,Web searching Dec23 - Jan24,C0034,Difficulty in setting achievable timelines for project completion,Timeline Setting,Creating realistic project timelines,Unrealistic timelines stress me out and affect quality,"WHAT: Establishing realistic timelines for project milestones and completion. WHY: Overly ambitious timelines can result in stress, burnout, and compromised project quality. HOW: Break projects into smaller, manageable tasks and use historical data for estimation can improve accuracy in timeline setting.","Technology, Life","Project management, stress management, time estimation",My capacity for detailed planning and foresight has been honed.,Improving my timeline estimation would enhance project outcomes and team morale.
MK,Web searching Dec23 - Jan24,C0035,Challenges in tracking multiple deadlines for various assignments,Deadline Management,Keeping track of numerous project deadlines,Juggling multiple deadlines is overwhelming,"WHAT: Managing and remembering multiple deadlines across different projects or assignments. WHY: This can lead to missed deadlines, decreased productivity, and increased stress. HOW: Leveraging digital tools like project management software and calendars can help keep track of deadlines and prioritize tasks accordingly.","Technology, Life","Deadline tracking, project management software, stress management",My organizational skills and attention to detail have vastly improved.,Streamlining deadline management would significantly reduce my stress and increase efficiency.
MK,Web searching Dec23 - Jan24,C0036,Finding it hard to choose between multiple equally viable options,Decision Paralysis,Too many good choices,Indecision makes it hard to move forward with confidence,"WHAT: The challenge of deciding between options that all seem equally beneficial. WHY: This can lead to prolonged deliberation, second-guessing, and missed opportunities. HOW: Setting clear personal or project priorities, consulting with a trusted advisor for a different perspective, and allowing for a trial period to test options can help in making more decisive choices.",Mental & Emotional,"Decision-making, options, indecision, priorities, consulting, trial period",My analytical skills to evaluate options thoroughly have sharpened.,Learning to make decisive choices would enhance my confidence and ability to take action swiftly.
MK,Web searching Dec23 - Jan24,C0037,Struggle with making decisions when lacking complete information,Information Gap,Making choices with incomplete info,The lack of information makes decision-making stressful,"WHAT: The difficulty in making informed decisions due to missing information. WHY: This can lead to uncertainty, fear of making the wrong choice, and in some cases, decision paralysis. HOW: Improving skills in risk assessment, learning to act on the best available information, and developing a contingency plan for possible outcomes can aid in decision-making under uncertainty.",Mental & Emotional,"Decision-making, incomplete information, uncertainty, risk assessment, contingency plan",I've become more comfortable navigating uncertainty and assessing risks.,Becoming adept at decision-making with incomplete info would lead me to be more proactive and resilient.
MK,Web searching Dec23 - Jan24,C0038,Difficulty in making decisions without seeking extensive input,Analysis Paralysis,Over-relying on others' opinions,Relying too much on input makes deciding alone difficult,"WHAT: The reliance on extensive input from others before making decisions. WHY: This can lead to delays and a dependency on others' judgments, potentially undermining one's confidence in making autonomous decisions. HOW: Cultivating self-trust, setting boundaries for external input, and practicing making small decisions independently can build decision-making confidence.",Mental & Emotional,"Decision-making, external input, self-trust, independence, confidence",My ability to gather diverse perspectives has improved.,Learning to trust my judgment would empower me to make decisions more confidently and efficiently.
MK,Web searching Dec23 - Jan24,C0039,Missing specific data points when analyzing reports or statistics,Data Blind Spots,Overlooking key information in analysis,Missing details lead to incomplete analysis,"WHAT: The challenge of overlooking crucial data points in analytical tasks. WHY: This can result in inaccurate conclusions, flawed decision-making, and potential missteps in strategy development. HOW: Enhancing data literacy skills, employing systematic approaches to data review, and utilizing tools that aid in data visualization can improve the comprehensiveness and accuracy of analyses.",Mental & Emotional,"Data analysis, accuracy, data literacy, systematic review, data visualization",I've developed a keen eye for detail and critical thinking skills.,Improving my data analysis skills would make my evaluations more accurate and insightful.
MK,Web searching Dec23 - Jan24,C0040,Overlooking formatting inconsistencies in documents,Missed Format Checks,Not spotting layout errors easily,Makes creating professional documents more time-consuming.,"WHAT: This issue occurs when small, but significant, formatting errors in documents are missed, such as inconsistent fonts, margins, or bullet spacing. WHY: It can lead to a lack of professionalism and coherence in important documents, affecting readability and the overall impression on clients or colleagues. HOW: Use style guides and formatting tools, and periodically step away from the document to refresh your perspective for a more effective review.","Technology, Sensory & focus","Formatting, consistency, documents, professional appearance, readability, style guides, formatting tools, review techniques",I've become detail-oriented in other aspects.,Improving my focus on details could enhance my efficiency.
MK,Web searching Dec23 - Jan24,C0041,Struggling to catch inaccuracies in numerical data or calculations,Numbers Slip By,Overlooking data mistakes,Hinders my ability to trust my work in data-intensive tasks.,"WHAT: This struggle involves missing mistakes in calculations or datasets, like incorrect figures or miscalculations. WHY: It directly impacts the accuracy of financial reports, data analysis, and critical decision-making processes, eroding confidence in one’s work. HOW: Implement double-checking routines, use error-detection software, and collaborate with peers for cross-verification.","Technology, Mental & emotional","Data accuracy, calculations, financial reports, error-detection, double-checking, software, peer review, confidence",I've learned to methodically review my work.,Gaining precision could boost my confidence in data handling.
MK,Web searching Dec23 - Jan24,C0042,Difficulty in initiating conversations in group settings,Starting Talks Hard,Hard to begin talking in groups,Makes networking and team collaboration difficult for me.,"WHAT: This is the difficulty in breaking the ice or starting discussions in a group, often due to shyness or uncertainty about how to enter a conversation. WHY: It limits engagement in networking, team brainstorming, and social interactions, potentially affecting professional relationships and opportunities. HOW: Practice ice-breakers, observe and mimic confident speakers, and prepare topics in advance.",Social & Communication,"Networking, collaboration, ice-breakers, confidence, social skills, professional relationships, speaking, engagement",I've become a good listener.,I could develop stronger networking skills.
MK,Web searching Dec23 - Jan24,C0043,Struggle with interpreting facial expressions or body language,Reading Faces Tough,Difficulty understanding non-verbal cues,Makes interpreting reactions and emotions in others hard.,"WHAT: The challenge in comprehending what people are non-verbally communicating through their facial expressions or body posture. WHY: It can lead to misunderstandings and misinterpretations in social and professional interactions, impacting relationships and teamwork. HOW: Learn about body language, ask for explicit feedback, and focus on verbal communication for clarification.","Social & Communication, Sensory & focus","Non-verbal cues, facial expressions, body language, social skills, professional relationships, misunderstandings, feedback, learning",I've honed my verbal communication skills.,Enhancing my non-verbal understanding could improve my empathy.
MK,Web searching Dec23 - Jan24,C0044,Challenges in participating in group brainstorming sessions,Group Brainstorm Woes,Finding it tough to contribute in brainstorming,Limits my ability to share ideas and collaborate effectively.,"WHAT: This entails difficulty in voicing opinions or ideas during collaborative brainstorming sessions, often due to shyness or fear of judgment. WHY: It prevents active participation in creative processes and idea generation, which can hinder team innovation and personal contribution recognition. HOW: Encourage a supportive environment, use written contributions as an alternative, and build confidence through small group practices.",Social & Communication,"Brainstorming, collaboration, shyness, innovation, creative processes, supportive environment, confidence building, idea generation, participation",I'm great at generating ideas on my own.,I could become a more impactful team innovator.
MK,Web searching Dec23 - Jan24,C0045,Finding it hard to remain composed during challenging discussions,Keeping Cool,Struggling to stay calm in tough talks,It makes me feel overwhelmed and unable to express myself clearly.,"WHAT: This issue arises when someone finds it challenging to maintain their composure during difficult conversations, often leading to heightened emotions or shutdowns. WHY: It directly affects one's ability to communicate effectively, making it hard to convey points or listen to others, often leading to misunderstanding or increased stress. HOW: Techniques such as deep breathing, preparing for potential outcomes, and focusing on listening rather than reacting can help maintain calmness.","Mental & Emotional, Social & Communication","staying calm, difficult conversations, stress management, effective communication, listening skills, misunderstanding prevention, emotional regulation",Developing empathy and patience by working through emotional responses.,Learning to channel emotions into constructive dialogue could enhance leadership qualities.
MK,Web searching Dec23 - Jan24,C0046,Struggle with managing frustration when faced with obstacles,Frustration Management,Hard time keeping cool when things get tough,It hinders my problem-solving skills and affects my work quality.,"WHAT: This pertains to difficulties in managing emotions when encountering barriers or challenges, leading to feelings of anger or discouragement. WHY: Such frustrations can cloud judgment, reduce creativity in problem-solving, and negatively impact team dynamics. HOW: Adopting stress-relief strategies, such as taking short breaks, practicing mindfulness, and setting realistic goals, can help mitigate frustration and improve resilience.","Mental & Emotional, Life","frustration, stress relief, mindfulness, problem-solving, team dynamics, resilience, goal setting",Cultivated resilience by facing and navigating through challenges.,Improved emotional intelligence and creativity in solving problems could emerge.
MK,Web searching Dec23 - Jan24,C0047,Difficulty in controlling anxiety levels during high-pressure situations,Anxiety Management,Struggling to calm nerves under pressure,It makes focusing and making decisions in crucial moments difficult.,"WHAT: This involves heightened anxiety or nervousness in situations that are perceived as high-stakes or critical, such as presentations or deadlines. WHY: Excessive anxiety can impair cognitive functions, decision-making abilities, and can cause physical symptoms that hinder performance. HOW: Techniques like systematic desensitization, deep breathing exercises, and positive self-talk can be effective in managing anxiety in these situations.",Mental & Emotional,"anxiety, high-pressure, cognitive impairment, decision-making, systematic desensitization, deep breathing, positive self-talk",Learned to identify and address triggers of anxiety.,Mastery of anxiety could lead to improved performance under pressure and increased confidence.
MK,Web searching Dec23 - Jan24,C0048,Finding it difficult to take on additional responsibilities voluntarily,Hesitant Helper,Reluctant to take extra duties without being asked,It limits my growth opportunities and team contribution.,"WHAT: This refers to a reluctance or difficulty in proactively volunteering for additional tasks or responsibilities. WHY: It can stem from a lack of confidence, fear of failure, or uncertainty about one's ability to manage more work, affecting personal development and team dynamics. HOW: Building confidence through small successes, clarifying expectations, and time management training can encourage taking on more responsibilities.","Life, Social & Communication","volunteering, confidence building, fear of failure, personal development, team dynamics, time management",Developed careful consideration of capacity and skills.,Enhanced leadership and initiative could unlock new career opportunities.
MK,Web searching Dec23 - Jan24,C0049,Struggling with staying motivated when tasks seem mundane,Motivation for Mundane,Hard to stay driven with repetitive or boring tasks,It drains my energy and makes completing tasks a struggle.,"WHAT: This challenge surfaces when repetitive or uninteresting tasks lead to a decline in motivation and engagement. WHY: A lack of stimulation can make it difficult to find the enthusiasm to complete tasks, affecting productivity and potentially leading to burnout. HOW: Setting small, achievable goals, rewarding accomplishments, and finding personal significance in tasks can help maintain motivation even in mundane situations.","Mental & Emotional, Life","motivation, engagement, productivity, burnout prevention, goal setting, personal significance",Nurtured patience and perseverance through less engaging tasks.,Discovering personal meaning in all aspects of work could increase overall job satisfaction.
MK,Web searching Dec23 - Jan24,C0050,Difficulty in balancing work demands with personal health needs,Health-Work Balance,Juggling job tasks and health care can be tough,It makes me compromise my health for work or vice versa.,"WHAT: Struggling to manage work responsibilities alongside personal health requirements, leading to potential neglect of one or the other. WHY: This balance is crucial for maintaining overall well-being and productivity but failing to do so can result in burnout, decreased work quality, or worsened health. HOW: Implementing strict time management, setting clear boundaries, and communicating needs to employers can help in finding a sustainable balance.","Life, Physical, Mental & Emotional","work-life balance, health management, time management, communication, burnout prevention, productivity, well-being",Learning to prioritize essential tasks and self-care.,"Improved time management and self-advocacy skills could lead to a healthier, more balanced lifestyle."
MK,Web searching Dec23 - Jan24,C0051,Struggle with advocating for necessary accommodations or adjustments,Speaking Up for Needs,Hard to request changes or supports needed at work,It prevents me from working effectively and comfortably.,"WHAT: The challenge lies in voicing the need for adjustments or support in the workplace to accommodate personal or health-related needs. WHY: Without these accommodations, employees might not perform to their best ability, leading to decreased job satisfaction and potential health issues. HOW: Encouraging open communication, educating on rights and available accommodations, and practicing assertiveness can empower individuals to advocate for themselves.","Social & Communication, Life","self-advocacy, workplace adjustments, communication skills, job satisfaction, assertiveness training, employee rights",Honed communication and self-advocacy skills.,Gaining confidence in advocating could enhance professional relationships and workplace satisfaction.
MK,Web searching Dec23 - Jan24,C0052,Difficulty in managing workloads during periods of personal stress,Stress Load Management,Balancing heavy workloads with personal stress is hard,It hampers my ability to concentrate and meet deadlines.,"WHAT: This involves managing an overwhelming workload while also dealing with significant personal stressors. WHY: The added pressure can reduce efficiency, increase mistakes, and lead to burnout, impacting both professional and personal life. HOW: Prioritizing tasks, seeking support from colleagues or supervisors, and employing stress reduction techniques can aid in managing both workloads and personal stress more effectively.","Mental & Emotional, Life","workload management, stress reduction, prioritization, support systems, efficiency, burnout prevention",Cultivated resilience by navigating stress and workload.,Enhancing prioritization and stress management skills could lead to better work-life harmony.
MK,Web searching Dec23 - Jan24,C0053,Difficulty in maintaining focus during prolonged meetings,Meeting Focus Challenge,Staying attentive in long meetings can be challenging,It makes absorbing information and contributing difficult.,"WHAT: The struggle to remain engaged and focused during lengthy meetings, which can affect information retention and active participation. WHY: Prolonged meetings without breaks or engagement can lead to mental fatigue, reducing the ability to concentrate and participate effectively. HOW: Incorporating regular breaks, interactive segments, and note-taking can improve focus and participation in long meetings.","Sensory & Focus, Mental & Emotional","focus, engagement, mental fatigue, information retention, interactive meetings, note-taking",Enhanced listening and note-taking skills.,Improved engagement strategies could foster better collaboration and idea generation in meetings.
MK,Web searching Dec23 - Jan24,C0054,Struggle with maintaining productivity in the latter part of the workday,Afternoon Productivity,Keeping up productivity late in the day is a struggle,It reduces my output and the quality of my work over time.,"WHAT: This refers to a decline in productivity and energy levels during the second half of the workday, affecting task completion and work quality. WHY: Natural energy dips, accumulated stress, or lack of motivation can contribute to this decrease, impacting overall performance. HOW: Scheduling demanding tasks for when energy levels are highest, taking short breaks, and employing relaxation techniques can help maintain productivity throughout the day.","Mental & Emotional, Life","productivity, energy management, task scheduling, stress relief, motivation, relaxation techniques",Mastered efficient task scheduling and energy conservation.,Developing strategies for energy renewal could enhance performance and job satisfaction throughout the day.
MK,Web searching Dec23 - Jan24,C0055,Challenges in handling physically demanding tasks regularly,Physical Endurance,Struggling with regular demanding physical tasks,It hinders my physical performance and affects my job satisfaction.,"WHAT: This issue involves difficulty in performing tasks that require significant physical effort on a consistent basis, such as lifting, standing for long periods, or manual labor. WHY: It can lead to physical fatigue, risk of injury, and decreased productivity, affecting an employee's ability to meet job expectations and lowering their overall job satisfaction. HOW: Regular physical conditioning, ergonomic adjustments, proper rest periods, and seeking help when needed can improve one's ability to handle such tasks.","Physical, Life","physical fatigue, risk of injury, decreased productivity, ergonomic adjustments, physical conditioning, proper rest, manual labor",Gaining a deeper understanding of physical limits and resilience.,Enhanced physical strength and well-being could lead to improved job performance and satisfaction.
MK,Web searching Dec23 - Jan24,C0056,Struggling with estimating space when organizing files or items,Spatial Organization,Bad at guessing space for files and items,Misjudging space complicates organization,"WHAT: Difficulty in accurately estimating physical space needed for organizing files or items. WHY: This can lead to inefficient use of space, cluttered work areas, and increased frustration. HOW: Utilizing digital tools for virtual organization, learning basic principles of space management, and practicing through trial and error can improve spatial estimation skills.",Physical,"Space estimation, organization, clutter, frustration, digital tools, space management",I've become creative in finding solutions to organizational problems.,"Developing precise spatial awareness would streamline my workspace, enhancing clarity and efficiency."
MK,Web searching Dec23 - Jan24,C0057,Difficulty in navigating through unfamiliar office layouts,Navigational Challenges,Unfamiliar layouts confuse me,Difficulty navigating new spaces slows me down,"WHAT: The challenge of finding one's way in new or complex office layouts. WHY: This can cause stress, waste time, and reduce one’s ability to participate in meetings or find resources efficiently. HOW: Requesting guided tours, using navigation apps tailored for indoor spaces, and studying layout maps in advance can help overcome these navigational challenges.",Sensory & focus,"Navigating, office layout, stress, efficiency, guided tours, navigation apps, layout maps",I've learned to be more observant and adaptive to new environments.,Gaining familiarity with diverse layouts would boost my confidence and mobility in new settings.
MK,Web searching Dec23 - Jan24,C0058,Challenges in arranging items efficiently within a workspace,Efficient Arrangement,Organizing my space effectively is hard,Inefficient organization affects my productivity,"WHAT: Difficulty in optimizing the arrangement of items within a workspace for efficiency and ease of use. WHY: Poorly organized spaces can hinder workflow, leading to wasted time and increased stress. HOW: Learning organizational techniques, utilizing storage solutions, and adopting a minimalist approach can enhance workspace efficiency. Regularly reassessing and adjusting the setup based on current needs also helps maintain optimal organization.",Physical,"Workspace organization, efficiency, productivity, stress, organizational techniques, storage solutions, minimalist approach",My patience and persistence in improving my environment have grown.,Creating a more organized and functional workspace would significantly enhance my daily work efficiency.
MK,Ishana interview 2feb24,C0059,"I experience poor posture due to pain from recent surgery. The discomfort around the surgical site makes it difficult to maintain proper posture, leading to discomfort and potential long-term health issues.",Post-Surgery Posture,Post-surgery pain hinders proper posture,Pain affects my posture and could lead to long-term issues,"WHAT: The struggle to maintain good posture due to pain and discomfort following surgery. WHY: This can exacerbate discomfort, impair recovery, and potentially lead to additional health complications. HOW: Working with healthcare professionals to develop a personalized recovery plan, including physical therapy, ergonomic adjustments, and pain management strategies, can support better posture and reduce discomfort. Using posture-correcting devices may also be beneficial.",Physical,"Posture, surgery recovery, pain management, physical therapy, ergonomic adjustments, health complications",My resilience and commitment to my health have deepened.,Enhancing my posture and reducing pain would improve my overall health and quality of life.
MK,chatgpt 8mar24,C0060,Difficulty in Concentration Due to Office Noise,Noise Distraction,Too loud to focus properly,The constant noise hinders my concentration,"WHAT: Office noise, including conversations, equipment, and other ambient sounds, can severely disrupt focus. WHY: This bombardment of sound makes it hard to concentrate on tasks, potentially leading to frustration and decreased productivity. It can also increase stress levels. HOW: Using noise-cancelling headphones, creating quiet zones, or implementing a sound masking system can help mitigate these distractions.",Sensory & focus,"Noise distraction, concentration, focus, productivity, ambient sounds, noise-cancelling headphones, quiet zones, sound masking system",This challenge has fine-tuned my ability to focus in diverse environments.,Enhancing my work environment to reduce noise would sharpen my concentration and boost overall productivity.
MK,chatgpt 8mar24,C0061,Physical Discomfort from Prolonged Sitting,Sitting Strain,Chair time hurts more than helps,Sitting all day makes me feel stiff and sore,"WHAT: Extended periods in a chair can lead to muscle stiffness, back pain, and general discomfort. WHY: The lack of movement restricts blood flow and can contribute to long-term health issues, including posture problems and increased risk of certain diseases. HOW: Regular breaks for stretching or walking, ergonomic furniture, and alternating standing and sitting can provide relief and promote better physical health.",Physical,"Prolonged sitting, discomfort, stiffness, back pain, ergonomic furniture, stretching, walking, standing desk",My awareness of physical health and posture has significantly improved.,"Implementing ergonomic solutions would enhance my physical well-being and energy, enabling me to be more productive."
MK,chatgpt 8mar24,C0062,Struggling with Software Complexity,Tech Overwhelm,Software too complex for quick mastery,Complex software makes completing tasks difficult,"WHAT: The steep learning curve and complexity of some software can be daunting. WHY: This can lead to frustration, reduced efficiency, and mistakes. It also affects confidence in using the tool effectively. HOW: Offering training sessions, simplified user interfaces, and access to support resources can help employees become more comfortable and proficient with the software.",Technology,"Software complexity, learning curve, efficiency, training, user interface, support resources",My perseverance and adaptability to new technologies have grown.,Mastering complex software would unlock my potential for creativity and innovation in my work.
MK,chatgpt 8mar24,C0063,Feeling Isolated as a Remote Worker,Remote Isolation,Lack of office interaction and support,Working remotely makes me feel disconnected,"WHAT: The physical separation from colleagues and the workplace environment can lead to feelings of isolation. WHY: This isolation can impact mental health and decrease a sense of belonging or team cohesion. HOW: Regular video calls, virtual team-building activities, and ensuring remote workers are included in communications can help bridge the gap, fostering a more inclusive and supportive remote work culture.",Social & Communication,"Remote work, isolation, mental health, team cohesion, video calls, virtual team building, communication",I've developed a strong sense of independence and self-motivation.,Enhancing virtual communication and team integration would strengthen my sense of belonging and collaboration skills.
MK,chatgpt 8mar24,C0064,Managing Work-Life Balance with Young Children,Family-Work Juggle,Balancing job and young kids feels impossible,Juggling work and family demands drains my energy,"WHAT: The constant demand to balance professional responsibilities with the needs of young children is challenging. WHY: This can lead to stress, fatigue, and feelings of guilt or inadequacy. HOW: Flexible working hours, the option for remote work, and access to childcare support can alleviate some of the pressure, allowing for a more manageable balance between work and family life.",Life,"Work-life balance, stress, fatigue, flexible working hours, remote work, childcare support",My multitasking and prioritization skills have been greatly enhanced.,Gaining better work-life balance would increase my productivity and satisfaction in both personal and professional aspects.
MK,chatgpt 8mar24,C0065,Ergonomic Issues with Workspace Setup,Bad Ergonomics,My desk setup is a pain,Poor ergonomics keep me in constant discomfort,"WHAT: Inadequate workspace setup, including chair, desk, and computer positioning, can lead to physical strain. WHY: Incorrect ergonomics can cause back pain, neck strain, and eye strain, reducing productivity and increasing the risk of long-term health problems. HOW: Investing in adjustable furniture, ensuring proper posture, and setting up the workspace according to ergonomic guidelines can significantly reduce discomfort and prevent injury.",Physical,"Ergonomics, workspace setup, adjustable furniture, posture, back pain, neck strain, eye strain, productivity, health risks",This challenge has enhanced my awareness of physical health.,Removing ergonomic barriers would lead me to greater productivity and sustained energy throughout the day.
MK,chatgpt 8mar24,C0066,Anxiety Over Presenting in Meetings,Presentation Anxiety,Speaking up in meetings terrifies me,Anxiety makes presenting my ideas incredibly hard,"WHAT: The fear of speaking in front of colleagues during meetings can be overwhelming. WHY: This anxiety can hinder effective communication, diminish confidence, and limit career advancement opportunities. HOW: Practice, participation in smaller groups, mentorship, and potentially seeking professional help can build confidence. Encouraging a supportive meeting environment can also alleviate pressure.",Mental & emotional,"Presentation anxiety, speaking in meetings, communication, confidence, career advancement, mentorship, supportive environment",My struggle with anxiety makes me prepare meticulously.,"Overcoming this anxiety would make me a confident and engaging speaker, capable of inspiring and leading others."
MK,chatgpt 8mar24,C0067,Difficulty Following Conversations in Noisy Environments,Struggling with Noise,Can't focus with background chatter,Background noise makes following conversations hard,"WHAT: Difficulty understanding speech in environments with substantial background noise. WHY: This issue can lead to miscommunication, increased stress, and isolation from team interactions. HOW: Use of noise-reducing earphones, designating quieter areas for discussions, and implementing soundproofing measures can improve auditory clarity and facilitate better communication.",Sensory & focus,"Background noise, miscommunication, stress, isolation, noise-reducing earphones, quiet areas, soundproofing",This challenge sharpens my focus and enhances my listening skills.,Addressing this issue would allow me to engage more effectively in team discussions and collaborations.
MK,chatgpt 8mar24,C0068,Cultural Misunderstandings in a Diverse Workplace,Cultural Clashes,Different norms cause workplace tension,Misunderstandings from cultural differences stress me,"WHAT: The diversity of cultural backgrounds in the workplace can sometimes lead to misunderstandings. WHY: These misunderstandings can cause tension, reduce team cohesion, and impact overall workplace harmony. HOW: Cultural sensitivity training, encouraging open dialogue about cultural differences, and creating inclusive policies can foster mutual respect and understanding among team members.",Social & Communication,"Cultural diversity, misunderstandings, team cohesion, workplace harmony, cultural sensitivity training, inclusive policies",Navigating cultural differences has broadened my perspective.,"Enhancing cultural understanding would lead me to foster stronger, more inclusive team dynamics."
MK,chatgpt 8mar24,C0069,Challenges with Accessing Remote Servers,Server Access Issues,Remote server access is unreliable,Difficulty accessing work files remotely limits me,"WHAT: Issues in reliably connecting to remote servers to access work files and applications. WHY: This can lead to delays, decreased productivity, and frustration, especially for remote workers. HOW: Implementing robust VPN solutions, ensuring stable internet connections, and providing technical support can improve accessibility and reliability of remote server connections.",Technology,"Remote server access, VPN, internet connection, productivity, technical support, remote work",Tackling access issues has boosted my problem-solving skills.,"Improving server access would streamline my workflow, allowing me to contribute more efficiently to my team's goals."
MK,chatgpt 8mar24,C0070,Adjusting to Work After Maternity Leave,Back from Maternity,Returning to work feels overwhelming,Balancing new parental responsibilities with work is tough,"WHAT: The transition back to professional life after the birth of a child can be challenging. WHY: Adjusting to new routines while managing work responsibilities and coping with possible emotional challenges can lead to stress and anxiety. HOW: Flexible work arrangements, parental support programs, and a phased return to work can ease the transition, providing a better balance between professional and personal life.",Life,"Maternity leave, transition, work-life balance, stress, anxiety, flexible work arrangements, parental support, phased return",Juggling work and motherhood has honed my time management.,Easing back into work would enable me to blend my enhanced multitasking and empathy into my professional role more effectively.
